相对路径,顶层目录,二级目录,物理行数,非空行数,代码行数
Assets\Camera&Animator\AnimatorScript\SpriteLoopAnimator.cs,Camera&Animator,AnimatorScript,53,46,43
Assets\Camera&Animator\CameraFollow.cs,Camera&Animator,CameraFollow.cs,114,99,90
Assets\Camera&Animator\CameraPans.cs,Camera&Animator,CameraPans.cs,218,184,142
Assets\Combat\CombatConfig.cs,Combat,CombatConfig.cs,25,20,12
Assets\Combat\KnockBackHandler.cs,Combat,KnockBackHandler.cs,114,95,87
Assets\Combat\Message\EnemyAttackMessage.cs,Combat,Message,13,12,10
Assets\Combat\Message\PlayerAttackMessage.cs,Combat,Message,13,12,11
Assets\Combat\Message\WeaponMessages.cs,Combat,Message,40,36,32
Assets\Enemy\Animation\EnemyAnimation.cs,Enemy,Animation,99,83,70
Assets\Enemy\Animation\EnemyFacing.cs,Enemy,Animation,145,124,108
Assets\Enemy\Animation\KeepHealthBar.cs,Enemy,Animation,19,16,13
Assets\Enemy\BossLogic\BossCharge.cs,Enemy,BossLogic,56,47,46
Assets\Enemy\BossLogic\BossCombat.cs,Enemy,BossLogic,49,44,41
Assets\Enemy\BossLogic\BossDirector.cs,Enemy,BossLogic,28,24,23
Assets\Enemy\BossLogic\BossHealth.cs,Enemy,BossLogic,79,65,63
Assets\Enemy\BossLogic\BossHealthBar.cs,Enemy,BossLogic,53,45,44
Assets\Enemy\BossLogic\BossMovement.cs,Enemy,BossLogic,53,45,44
Assets\Enemy\BossLogic\BossPoisonPool.cs,Enemy,BossLogic,79,68,66
Assets\Enemy\BossLogic\BossSkillScheduler.cs,Enemy,BossLogic,75,62,61
Assets\Enemy\BossLogic\BossSummon.cs,Enemy,BossLogic,47,40,38
Assets\Enemy\DamagePopUp\DamageNumber.cs,Enemy,DamagePopUp,149,123,101
Assets\Enemy\DamagePopUp\DamagePopup.cs,Enemy,DamagePopUp,56,46,35
Assets\Enemy\EnemyCore\EnemyAttack.cs,Enemy,EnemyCore,78,67,49
Assets\Enemy\EnemyCore\HealthBar.cs,Enemy,EnemyCore,51,44,37
Assets\Enemy\EnemyCore\StopStuck.cs,Enemy,EnemyCore,99,85,73
Assets\Enemy\EnemyHealth\EnemyHealth.cs,Enemy,EnemyHealth,270,233,212
Assets\Enemy\EnemyMovement\EnemyMovement.cs,Enemy,EnemyMovement,285,250,220
Assets\Enemy\EnemyMovement\GridWalkability.cs,Enemy,EnemyMovement,79,66,60
Assets\Enemy\EnemyMovement\PathfindingBFS.cs,Enemy,EnemyMovement,101,83,77
Assets\Enemy\EnemySpawnLogic\SpawnArea.cs,Enemy,EnemySpawnLogic,88,75,74
Assets\Enemy\EnemySpawnLogic\SpawnConfig.cs,Enemy,EnemySpawnLogic,22,18,15
Assets\Enemy\MainWorldDummy\TrainingDummy.cs,Enemy,MainWorldDummy,99,86,71
Assets\Enemy\Message\EnterBossRoundMessage.cs,Enemy,Message,6,5,4
Assets\Enemy\PublicConfig\BossConfig.cs,Enemy,PublicConfig,49,39,32
Assets\Enemy\PublicConfig\MonsterConfig.cs,Enemy,PublicConfig,191,176,160
Assets\Enemy\SpecaialEnemyAI\BomberEnemyAI.cs,Enemy,SpecaialEnemyAI,234,207,199
Assets\Enemy\SpecaialEnemyAI\CellSplitAI.cs,Enemy,SpecaialEnemyAI,65,57,54
Assets\Enemy\SpecaialEnemyAI\ChargingEnemyAI.cs,Enemy,SpecaialEnemyAI,188,167,155
Assets\Experience\AudioSettings\AudioManager.cs,Experience,AudioSettings,126,117,117
Assets\Experience\AudioSettings\AudioMessage.cs,Experience,AudioSettings,36,28,28
Assets\Experience\ExperienceConfig.cs,Experience,ExperienceConfig.cs,15,12,8
Assets\Experience\TimerSettings\TimerTickMessage.cs,Experience,TimerSettings,9,9,7
Assets\FogOfWar\FogOfWarConfig.cs,FogOfWar,FogOfWarConfig.cs,34,30,22
Assets\GameCheat\EquipCheat.cs,GameCheat,EquipCheat.cs,51,45,44
Assets\GameCheat\SceneJumper.cs,GameCheat,SceneJumper.cs,37,34,31
Assets\GameState\GameManager\GameDataManager.cs,GameState,GameManager,49,44,37
Assets\GameState\GameManager\GameManager.cs,GameState,GameManager,91,78,76
Assets\GameState\GameManager\GameState.cs,GameState,GameManager,13,13,12
Assets\GameState\GameManager\GameStateBase.cs,GameState,GameManager,22,18,14
Assets\GameState\GameManager\ScoreMessages.cs,GameState,GameManager,9,9,8
Assets\GameState\GameManager\StateScript\EnterDungeonState.cs,GameState,GameManager,15,14,12
Assets\GameState\GameManager\StateScript\ExploringState.cs,GameState,GameManager,30,26,22
Assets\GameState\GameManager\StateScript\LayerEndState.cs,GameState,GameManager,27,24,19
Assets\GameState\GameManager\StateScript\ResultState.cs,GameState,GameManager,20,17,14
Assets\GameState\GameManager\StateScript\VictoryState.cs,GameState,GameManager,13,12,11
Assets\GameState\GameManager\StateScript\WorldState.cs,GameState,GameManager,22,19,18
Assets\GameState\MessageSender\GameMessage.cs,GameState,MessageSender,10,10,6
Assets\GameState\MessageSender\MessageBus.cs,GameState,MessageSender,63,59,45
Assets\GameState\MessageSender\PlayerStatsMessages.cs,GameState,MessageSender,45,42,30
Assets\GameSystem\CombatDirector.cs,GameSystem,CombatDirector.cs,66,58,48
Assets\GameSystem\EnemyDirector.cs,GameSystem,EnemyDirector.cs,203,168,157
Assets\GameSystem\ExperienceDirector.cs,GameSystem,ExperienceDirector.cs,17,15,12
Assets\GameSystem\FogOfWarDirector.cs,GameSystem,FogOfWarDirector.cs,304,266,260
Assets\GameSystem\InventoryDirector.cs,GameSystem,InventoryDirector.cs,132,117,107
Assets\GameSystem\InventoryMessages.cs,GameSystem,InventoryMessages.cs,14,12,12
Assets\GameSystem\ItemDirector.cs,GameSystem,ItemDirector.cs,250,209,174
Assets\GameSystem\ItemDragDirector.cs,GameSystem,ItemDragDirector.cs,299,268,231
Assets\GameSystem\PlayerDirector.cs,GameSystem,PlayerDirector.cs,60,52,39
Assets\GameSystem\PlayerStatsDirector.cs,GameSystem,PlayerStatsDirector.cs,161,142,120
Assets\GameSystem\PotionBuffDirector.cs,GameSystem,PotionBuffDirector.cs,244,215,181
Assets\GameSystem\SceneFadeDirector.cs,GameSystem,SceneFadeDirector.cs,73,63,60
Assets\GameSystem\StatusPanelDirector.cs,GameSystem,StatusPanelDirector.cs,312,260,204
Assets\GameSystem\TaskDirector.cs,GameSystem,TaskDirector.cs,148,127,121
Assets\GameSystem\UIDirector.cs,GameSystem,UIDirector.cs,12,10,8
Assets\GameSystem\WeaponDirector.cs,GameSystem,WeaponDirector.cs,123,105,83
Assets\GameSystem\WorldDirector.cs,GameSystem,WorldDirector.cs,103,88,79
Assets\Items\EquipmentIconCache.cs,Items,EquipmentIconCache.cs,45,40,32
Assets\Items\FixedSlotData.cs,Items,FixedSlotData.cs,39,36,24
Assets\Items\InventorySettings\InventorySlotManager.cs,Items,InventorySettings,10,9,7
Assets\Items\InventorySettings\InventorySlotUI.cs,Items,InventorySettings,136,119,106
Assets\Items\InventorySettings\PartInventoryAutoLayout.cs,Items,InventorySettings,75,68,63
Assets\Items\ItemConfig\AccessoryConfig.cs,Items,ItemConfig,71,65,60
Assets\Items\ItemConfig\BulletConfig.cs,Items,ItemConfig,83,73,59
Assets\Items\ItemConfig\CollectibleConfig.cs,Items,ItemConfig,58,54,53
Assets\Items\ItemConfig\EquipmentConfig.cs,Items,ItemConfig,220,205,188
Assets\Items\ItemConfig\ItemTypes.cs,Items,ItemConfig,76,67,58
Assets\Items\ItemConfig\PotionConfig.cs,Items,ItemConfig,142,128,105
Assets\Items\ItemConfig\WeaponConfig.cs,Items,ItemConfig,179,163,139
Assets\Items\ItemFactory\ItemFactory.cs,Items,ItemFactory,39,36,29
Assets\Items\ItemMessages.cs,Items,ItemMessages.cs,35,30,25
Assets\Items\ItemPlaceLogic\EquipSlotPlacer.cs,Items,ItemPlaceLogic,48,47,35
Assets\Items\ItemPlaceLogic\FixedSlotPlacer.cs,Items,ItemPlaceLogic,19,18,14
Assets\Items\ItemPlaceLogic\FloatingIconFollow.cs,Items,ItemPlaceLogic,87,81,76
Assets\Items\ItemPlaceLogic\InventoryPlacer.cs,Items,ItemPlaceLogic,80,71,58
Assets\Items\ItemPlaceLogic\InventorySlotDetector.cs,Items,ItemPlaceLogic,22,21,20
Assets\Items\ItemPlaceLogic\ShopSlotDetector.cs,Items,ItemPlaceLogic,56,50,43
Assets\Items\WeaponsSettings\AttackEffect.cs,Items,WeaponsSettings,72,61,49
Assets\Items\WeaponsSettings\AttackRangeIndicator.cs,Items,WeaponsSettings,143,125,99
Assets\MiniMap\MiniMap.cs,MiniMap,MiniMap.cs,35,31,25
Assets\PickingSettings\DraggingSettings\EquipmentSlotUI.cs,PickingSettings,DraggingSettings,191,170,140
Assets\PickingSettings\DraggingSettings\FixedSlotUI.cs,PickingSettings,DraggingSettings,287,251,194
Assets\PlayerStats\PlayerCombatStatsApplier.cs,PlayerStats,PlayerCombatStatsApplier.cs,63,55,47
Assets\PlayerStats\PlayerMovementStatsApplier.cs,PlayerStats,PlayerMovementStatsApplier.cs,41,36,30
Assets\PlayerStats\PlayerStatsDisplay.cs,PlayerStats,PlayerStatsDisplay.cs,47,41,31
Assets\Player\Bullet.cs,Player,Bullet.cs,168,148,115
Assets\Player\PlayerAttack.cs,Player,PlayerAttack.cs,171,147,118
Assets\Player\PlayerConfig.cs,Player,PlayerConfig.cs,107,75,36
Assets\Player\PlayerHealth\PlayerHealth.cs,Player,PlayerHealth,198,167,143
Assets\Player\PlayerHealth\PlayerHealthMessage.cs,Player,PlayerHealth,17,15,11
Assets\Player\PlayerHoverStats.cs,Player,PlayerHoverStats.cs,75,67,54
Assets\Player\PlayerMoveLogic\PlayerFacing.cs,Player,PlayerMoveLogic,205,180,149
Assets\Player\PlayerMoveLogic\PlayerMoveUpdating.cs,Player,PlayerMoveLogic,40,33,32
Assets\Player\PlayerMoveLogic\PlayerMovement.cs,Player,PlayerMoveLogic,242,205,170
Assets\Player\PlayerScenePlacer.cs,Player,PlayerScenePlacer.cs,19,17,15
Assets\Player\PlayerStamina\PlayerStamina.cs,Player,PlayerStamina,107,95,76
Assets\Player\PlayerStamina\PlayerStaminaMessage.cs,Player,PlayerStamina,14,13,10
Assets\Player\SniperScopeController.cs,Player,SniperScopeController.cs,76,65,53
Assets\PotionBuffStatistics\BuffDisplay.cs,PotionBuffStatistics,BuffDisplay.cs,356,315,265
Assets\Shaders Particles\Prefab\ParticleAutoDestroy.cs,Shaders Particles,Prefab,14,12,12
Assets\Shaders Particles\World1Mat\Particle\BeeSwarm.cs,Shaders Particles,World1Mat,53,44,43
Assets\StatusPanel\EquipmentLineDrawer.cs,StatusPanel,EquipmentLineDrawer.cs,133,111,89
Assets\StatusPanel\UIRegionBorder.cs,StatusPanel,UIRegionBorder.cs,87,78,59
Assets\Tasks\TaskConfig.cs,Tasks,TaskConfig.cs,95,87,86
Assets\Tasks\TaskData.cs,Tasks,TaskData.cs,35,31,28
Assets\Tasks\TaskMessages.cs,Tasks,TaskMessages.cs,16,14,12
Assets\Tasks\TaskUI\CloseQuestPanelButton.cs,Tasks,TaskUI,27,24,19
Assets\Tasks\TaskUI\Layout\QuestLogAutoLayout.cs,Tasks,TaskUI,64,55,50
Assets\Tasks\TaskUI\Layout\QuestLogUI.cs,Tasks,TaskUI,123,107,104
Assets\Tasks\TaskUI\QuestGiver.cs,Tasks,TaskUI,49,44,40
Assets\Tasks\TaskUI\TaskBar.cs,Tasks,TaskUI,163,139,117
Assets\Tasks\TaskUI\TaskItem.cs,Tasks,TaskUI,248,218,169
Assets\Tasks\TaskUI\TaskListAutoLayout.cs,Tasks,TaskUI,70,59,55
Assets\Tasks\TaskUI\TaskPanel.cs,Tasks,TaskUI,234,203,197
Assets\UIDesigning\Cursor\ButtonHoverOutline.cs,UIDesigning,Cursor,52,47,31
Assets\UIDesigning\Cursor\CustomCursor.cs,UIDesigning,Cursor,238,213,182
Assets\UIDesigning\Cursor\HoverHighlighter.cs,UIDesigning,Cursor,119,103,82
Assets\UIDesigning\GameOverPanel.cs,UIDesigning,GameOverPanel.cs,25,21,19
Assets\UIDesigning\HUD\HUDPanel.cs,UIDesigning,HUD,505,438,393
Assets\UIDesigning\HUD\SniperScopeUI.cs,UIDesigning,HUD,209,182,154
Assets\UIDesigning\HUD\StatsPanel.cs,UIDesigning,HUD,228,197,170
Assets\UIDesigning\Inventory\ArmorSlotLayout.cs,UIDesigning,Inventory,80,71,70
Assets\UIDesigning\Inventory\BackpackLayout.cs,UIDesigning,Inventory,91,81,77
Assets\UIDesigning\Inventory\HandSlotLayout.cs,UIDesigning,Inventory,79,71,70
Assets\UIDesigning\Inventory\HeadSlotLayout.cs,UIDesigning,Inventory,79,71,70
Assets\UIDesigning\Inventory\InventorySlotBorder.cs,UIDesigning,Inventory,142,126,106
Assets\UIDesigning\Inventory\SafeLayout.cs,UIDesigning,Inventory,80,72,71
Assets\UIDesigning\Loading\LoadingSpinner.cs,UIDesigning,Loading,17,15,14
Assets\UIDesigning\NPCs\InteractPromptPanel.cs,UIDesigning,NPCs,203,177,157
Assets\UIDesigning\Shop\FloatingItemIcon.cs,UIDesigning,Shop,243,214,182
Assets\UIDesigning\Shop\GoldDisplay.cs,UIDesigning,Shop,133,115,99
Assets\UIDesigning\Shop\HoverHighlight.cs,UIDesigning,Shop,87,75,65
Assets\UIDesigning\Shop\ItemShopBuyLogic.cs,UIDesigning,Shop,67,57,44
Assets\UIDesigning\Shop\ItemShopPanel.cs,UIDesigning,Shop,162,136,121
Assets\UIDesigning\Shop\ShopBuyAndEquip.cs,UIDesigning,Shop,71,62,50
Assets\UIDesigning\Shop\ShopItemUI.cs,UIDesigning,Shop,118,101,85
Assets\UIDesigning\Shop\ShopLogic.cs,UIDesigning,Shop,46,42,27
Assets\UIDesigning\Shop\ShopPanel.cs,UIDesigning,Shop,160,139,120
Assets\UIDesigning\Shop\SimpleScroll.cs,UIDesigning,Shop,41,34,27
Assets\UIDesigning\Shop\WeaponShopBuyLogic.cs,UIDesigning,Shop,91,80,68
Assets\UIDesigning\Shop\WeaponShopPanel.cs,UIDesigning,Shop,176,150,128
Assets\UIDesigning\UIPanelStack.cs,UIDesigning,UIPanelStack.cs,101,91,75
Assets\UIDesigning\VictoryPanel.cs,UIDesigning,VictoryPanel.cs,25,21,19
Assets\WeaponSettings\DamageCalculator.cs,WeaponSettings,DamageCalculator.cs,38,34,19
Assets\WeaponSettings\IWeapon.cs,WeaponSettings,IWeapon.cs,19,17,9
Assets\WeaponSettings\PistolWeapon.cs,WeaponSettings,PistolWeapon.cs,154,130,109
Assets\WeaponSettings\SniperWeapon.cs,WeaponSettings,SniperWeapon.cs,156,132,114
Assets\WeaponSettings\SwordWeapon.cs,WeaponSettings,SwordWeapon.cs,97,82,70
Assets\World\Generate\DungeonGenerator.cs,World,Generate,65,52,41
Assets\World\Generate\DungeonGraph.cs,World,Generate,333,289,256
Assets\World\Generate\DungeonPainter.cs,World,Generate,283,244,202
Assets\World\Generate\DungeonPlacer.cs,World,Generate,66,56,45
Assets\World\Generate\DungeonRasterizer.cs,World,Generate,78,67,59
Assets\World\NPCs\EnterDungeonOnNPC.cs,World,NPCs,25,21,20
Assets\World\NPCs\InteractMessage.cs,World,NPCs,41,35,29
Assets\World\NPCs\Interactable.cs,World,NPCs,15,13,12
Assets\World\NPCs\Interactor.cs,World,NPCs,55,48,43
Assets\World\NPCs\ItemShopNPC.cs,World,NPCs,73,64,56
Assets\World\NPCs\NPCBobbing.cs,World,NPCs,60,51,44
Assets\World\NPCs\NPCDistanceHint.cs,World,NPCs,153,133,111
Assets\World\NPCs\ShopNPC.cs,World,NPCs,87,77,58
Assets\World\WorldElements\ExitPortal.cs,World,WorldElements,143,121,121
Assets\World\WorldElements\WorldConfig.cs,World,WorldElements,22,21,15
