消息,定义文件,发布方,订阅方,订阅者数
AttackModeChangedMessage,Assets\Combat\Message\WeaponMessages.cs,Assets\Player\PlayerAttack.cs,Assets\Items\WeaponsSettings\AttackRangeIndicator.cs,1
BossDamageMessage,Assets\Enemy\BossLogic\BossHealth.cs,Assets\Enemy\BossLogic\BossCombat.cs,Assets\Enemy\BossLogic\BossHealth.cs,1
BossDiedMessage,Assets\Enemy\BossLogic\BossHealth.cs,Assets\Enemy\BossLogic\BossHealth.cs,Assets\Enemy\BossLogic\BossHealthBar.cs,1
BossPhaseChangedMessage,Assets\Enemy\BossLogic\BossHealth.cs,Assets\Enemy\BossLogic\BossHealth.cs,Assets\Enemy\BossLogic\BossHealthBar.cs;Assets\Enemy\BossLogic\BossMovement.cs;Assets\Enemy\BossLogic\BossSkillScheduler.cs,3
BossSkillDoneMessage,Assets\Enemy\BossLogic\BossSkillScheduler.cs,Assets\Enemy\BossLogic\BossCharge.cs;Assets\Enemy\BossLogic\BossPoisonPool.cs;Assets\Enemy\BossLogic\BossSummon.cs,Assets\Enemy\BossLogic\BossMovement.cs;Assets\Enemy\BossLogic\BossSkillScheduler.cs,2
BossSkillStartMessage,Assets\Enemy\BossLogic\BossSkillScheduler.cs,Assets\Enemy\BossLogic\BossSkillScheduler.cs,Assets\Enemy\BossLogic\BossCharge.cs;Assets\Enemy\BossLogic\BossMovement.cs;Assets\Enemy\BossLogic\BossPoisonPool.cs;Assets\Enemy\BossLogic\BossSummon.cs,4
BossSummonRequestMessage,Assets\Enemy\BossLogic\BossSummon.cs,Assets\Enemy\BossLogic\BossSummon.cs,Assets\GameSystem\EnemyDirector.cs,1
BuffChangedMessage,Assets\MessageSender\PlayerStatsMessages.cs,Assets\GameSystem\PotionBuffDirector.cs,Assets\PotionBuffStatistics\BuffDisplay.cs,1
CloseQuestPanelMessage,Assets\Tasks\TaskUI\CloseQuestPanelButton.cs,Assets\Tasks\TaskUI\CloseQuestPanelButton.cs,Assets\GameSystem\TaskDirector.cs,1
CloseShopMessage,Assets\Items\ItemMessages.cs,Assets\UIDesigning\Shop\ItemShopPanel.cs;Assets\UIDesigning\Shop\ShopPanel.cs;Assets\UIDesigning\Shop\WeaponShopPanel.cs;Assets\World\NPCs\ItemShopNPC.cs;Assets\World\NPCs\ShopNPC.cs,Assets\UIDesigning\Shop\ItemShopPanel.cs;Assets\UIDesigning\Shop\ShopPanel.cs;Assets\UIDesigning\Shop\WeaponShopPanel.cs;Assets\World\NPCs\ItemShopNPC.cs;Assets\World\NPCs\ShopNPC.cs,5
DungeonGeneratedMessage,Assets\World\NPCs\InteractMessage.cs,Assets\World\Generate\DungeonGenerator.cs,Assets\GameState\GameManager\GameManager.cs,1
DungeonSpawnPointMessage,Assets\World\NPCs\InteractMessage.cs,Assets\World\Generate\DungeonPlacer.cs,Assets\Camera&Animator\CameraFollow.cs;Assets\Player\PlayerScenePlacer.cs,2
EnemyAttackMessage,Assets\Combat\Message\EnemyAttackMessage.cs,Assets\Enemy\EnemyCore\EnemyAttack.cs,Assets\GameSystem\CombatDirector.cs,1
EnterBossRoundMessage,Assets\Enemy\Message\EnterBossRoundMessage.cs,-,-,0
EnterDungeonRequestMessage,Assets\World\NPCs\InteractMessage.cs,Assets\GameCheat\SceneJumper.cs;Assets\World\NPCs\EnterDungeonOnNPC.cs,Assets\GameSystem\WorldDirector.cs,1
EquipmentEquippedMessage,Assets\Items\ItemMessages.cs,Assets\GameSystem\ItemDirector.cs,Assets\GameSystem\PlayerStatsDirector.cs;Assets\PickingSettings\DraggingSettings\EquipmentSlotUI.cs;Assets\UIDesigning\Inventory\ArmorSlotLayout.cs;Assets\UIDesigning\Inventory\BackpackLayout.cs;Assets\UIDesigning\Inventory\HandSlotLayout.cs;Assets\UIDesigning\Inventory\HeadSlotLayout.cs;Assets\UIDesigning\Inventory\SafeLayout.cs,7
EquipmentPurchasedMessage,Assets\Items\ItemMessages.cs,Assets\GameSystem\ItemDirector.cs,-,0
FixedSlotChangedMessage,Assets\Items\FixedSlotData.cs,Assets\GameSystem\ItemDirector.cs,Assets\GameSystem\PlayerStatsDirector.cs;Assets\PickingSettings\DraggingSettings\FixedSlotUI.cs;Assets\PlayerStats\PlayerCombatStatsApplier.cs;Assets\Player\SniperScopeController.cs,4
GoldChangedMessage,Assets\Items\ItemMessages.cs,Assets\GameSystem\ItemDirector.cs,Assets\UIDesigning\HUD\HUDPanel.cs;Assets\UIDesigning\Shop\GoldDisplay.cs,2
InteractConfirmMessage,Assets\World\NPCs\InteractMessage.cs,Assets\UIDesigning\NPCs\InteractPromptPanel.cs,Assets\World\NPCs\EnterDungeonOnNPC.cs;Assets\World\NPCs\ItemShopNPC.cs;Assets\World\NPCs\ShopNPC.cs,3
InteractPromptMessage,Assets\World\NPCs\InteractMessage.cs,Assets\World\NPCs\Interactor.cs,Assets\UIDesigning\NPCs\InteractPromptPanel.cs,1
InventoryFullMessage,Assets\GameSystem\InventoryMessages.cs,Assets\Items\ItemPlaceLogic\InventoryPlacer.cs,-,0
InventorySlotChangedMessage,Assets\GameSystem\InventoryMessages.cs,Assets\GameSystem\InventoryDirector.cs,Assets\Items\InventorySettings\InventorySlotUI.cs,1
LoadWorldRequestMessage,Assets\World\NPCs\InteractMessage.cs,Assets\GameCheat\SceneJumper.cs,Assets\GameSystem\WorldDirector.cs,1
OpenShopMessage,Assets\Items\ItemMessages.cs,Assets\World\NPCs\ItemShopNPC.cs;Assets\World\NPCs\ShopNPC.cs,Assets\UIDesigning\Shop\ItemShopPanel.cs;Assets\UIDesigning\Shop\ShopPanel.cs;Assets\UIDesigning\Shop\WeaponShopPanel.cs;Assets\World\NPCs\ItemShopNPC.cs;Assets\World\NPCs\ShopNPC.cs,5
PlaySoundMessage,Assets\Experience\AudioSettings\AudioMessage.cs,Assets\Enemy\EnemyCore\EnemyAttack.cs;Assets\Enemy\EnemyHealth\EnemyHealth.cs;Assets\WeaponSettings\PistolWeapon.cs;Assets\WeaponSettings\SniperWeapon.cs;Assets\WeaponSettings\SwordWeapon.cs,Assets\Experience\AudioSettings\AudioManager.cs,1
PlayerAttackMessage,Assets\Combat\Message\PlayerAttackMessage.cs,Assets\Player\Bullet.cs;Assets\WeaponSettings\SwordWeapon.cs,Assets\Enemy\BossLogic\BossCombat.cs;Assets\Enemy\DamagePopUp\DamagePopup.cs;Assets\GameSystem\CombatDirector.cs,3
PlayerAttackRequestMessage,Assets\Combat\Message\WeaponMessages.cs,Assets\Player\PlayerAttack.cs,Assets\GameSystem\WeaponDirector.cs,1
PlayerHealthChangedMessage,Assets\Player\PlayerHealth\PlayerHealthMessage.cs,Assets\Player\PlayerHealth\PlayerHealth.cs,Assets\UIDesigning\HUD\HUDPanel.cs,1
PlayerStaminaChangedMessage,Assets\Player\PlayerStamina\PlayerStaminaMessage.cs,Assets\Player\PlayerStamina\PlayerStamina.cs,Assets\UIDesigning\HUD\HUDPanel.cs,1
PlayerStatsChangedMessage,Assets\MessageSender\PlayerStatsMessages.cs,Assets\GameSystem\PlayerStatsDirector.cs,Assets\PlayerStats\PlayerMovementStatsApplier.cs;Assets\PlayerStats\PlayerStatsDisplay.cs;Assets\Player\PlayerHealth\PlayerHealth.cs,3
PotionUsedMessage,Assets\MessageSender\PlayerStatsMessages.cs,Assets\Items\InventorySettings\InventorySlotUI.cs;Assets\PickingSettings\DraggingSettings\FixedSlotUI.cs,Assets\GameSystem\PotionBuffDirector.cs,1
TaskCompletedMessage,Assets\Tasks\TaskMessages.cs,Assets\GameSystem\TaskDirector.cs,Assets\Tasks\TaskUI\Layout\QuestLogUI.cs;Assets\Tasks\TaskUI\TaskPanel.cs,2
TaskReceivedMessage,Assets\Tasks\TaskMessages.cs,Assets\GameSystem\TaskDirector.cs,Assets\Tasks\TaskUI\Layout\QuestLogUI.cs;Assets\Tasks\TaskUI\TaskPanel.cs,2
TimerTickMessage,Assets\Experience\TimerSettings\TimerTickMessage.cs,-,-,0
WeaponSwitchRequestMessage,Assets\Combat\Message\WeaponMessages.cs,Assets\Player\PlayerAttack.cs,Assets\GameSystem\WeaponDirector.cs,1
WeaponSwitchedMessage,Assets\Combat\Message\WeaponMessages.cs,Assets\GameSystem\WeaponDirector.cs,Assets\Items\WeaponsSettings\AttackRangeIndicator.cs;Assets\Player\PlayerAttack.cs,2
